name	mean_price_str	address	lat	lon	mean_price_num	type
Art Cross, кафе	Средний чек 300 р	Санкт-Петербург, Перекупной переулок, 12	59.9290953	30.3779996881954	300	cafe
Антракт, кафе	Средний чек 700 р	Санкт-Петербург, Садовая, 22/2	59.9328606	30.3343413	700	cafe
Африка, арт-кафе	Средний чек 280 р	Санкт-Петербург, Печатника Григорьева, 13	59.9185923	30.3484824	280	cafe
Атмосфера, кафе	Средний чек 800 р	Санкт-Петербург, Чкаловский проспект, 8-10	59.9593686	30.2884958	800	cafe
Алмаз, кафе	Средний чек 450 р	Санкт-Петербург, Заставская, 21 к2	59.8887475	30.3222548	450	cafe
Арго, кафе	Средний чек 1200 р	Санкт-Петербург, Сикейроса, 11 к1	60.0340263	30.3294115	1200	cafe
Алазани, гранд-кафе	Средний чек 1000 р	Санкт-Петербург, Вознесенский проспект, 25	59.9261821	30.3078167929487	1000	cafe
Ботаника, кафе-ресторан	Средний чек 850 р	Санкт-Петербург, Пестеля, 7	59.9422513	30.3412764	850	cafe
Базилик, кафе	Средний чек 300 р	Санкт-Петербург, Елизарова проспект, 19	59.8957416	30.4207415	300	cafe
BarBQ, кафе-бар	Средний чек 550 р	Санкт-Петербург, Коммуны, 63	59.9648373	30.4865226	550	cafe
Батабат, кафе	Средний чек 400 р	Санкт-Петербург, Жукова, 18	59.9670086	30.3858911	400	cafe
Батабат, кафе	Средний чек 400 р	Санкт-Петербург, Жукова, 18	59.9670086	30.3858911	400	cafe
Березки, кафе	Средний чек 1000 р	Санкт-Петербург, Чкаловский проспект, 7	59.9665886	30.2999374	1000	cafe
Восток, кафе-бар	Средний чек 500 р	Санкт-Петербург, Народного Ополчения проспект, 209	59.8249011	30.1799806	500	cafe
Визави, кафе	Средний чек 500 р	Санкт-Петербург, Шаврова, 5 к3	60.0212316	30.227316	500	cafe
Вираж, гранд-кафе	Средний чек 300 р	Санкт-Петербург, Выборгское шоссе, 22 лит Б	60.1151778	30.2386215	300	cafe
Вояж, кафе	Средний чек 550 р	Санкт-Петербург, Московский проспект, 216	59.8488283	30.3221197	550	cafe
Восточное, кафе	Средний чек 1000 р	Санкт-Петербург, Коллонтай, 41	59.9198466	30.4665776	1000	cafe
Вираж, гранд-кафе	Средний чек 300 р	Санкт-Петербург, Выборгское шоссе, 22 лит Б	60.1151778	30.2386215	300	cafe
Веранда, ресторан	Средний чек 600 р	Санкт-Петербург, Невский проспект, 24	59.935872	30.3238187	600	cafe
+1, кафе	Средний чек 300 р	Санкт-Петербург, Приморский проспект, 72	59.9805065	30.2101964	300	cafe
Гамарджоба, кафе	Средний чек 700 р	Санкт-Петербург, Восстания, 16	59.9317256	30.3603232	700	cafe
Городовой, кафе-столовая	Средний чек 200 р	Санкт-Петербург, Большая Монетная, 18	59.9625768	30.3221476	200	cafe
Генацвале, кафе грузинской кухни	Средний чек 500 р	Санкт-Петербург, Лиговский проспект, 97	59.9228425	30.3550804	500	cafe
Гамарджоба, кафе	Средний чек 700 р	Санкт-Петербург, Восстания, 16	59.9317256	30.3603232	700	cafe
ИмпериаЛ, кафе	Средний чек 500 р	Санкт-Петербург, Смоленская, 1	59.9037738	30.3197933	500	cafe
Иверия, кафе	Средний чек 1200 р	Санкт-Петербург, Ленинский проспект, 176	59.8524944	30.3155931	1200	cafe
Грин, кафе	Средний чек 285 р	Санкт-Петербург, Ольминского, 14	59.8983967	30.4222126	285	cafe
Гала, бар	Средний чек 600 р	Санкт-Петербург, Индустриальный проспект, 17 к1	59.9438655	30.4792091	600	cafe
Генацвале, кафе грузинской кухни	Средний чек 500 р	Санкт-Петербург, Лиговский проспект, 97	59.9228425	30.3550804	500	cafe
D`Or, кафе	Средний чек 2000 р	Санкт-Петербург, Итальянская, 15	59.9358585	30.3334148	2000	cafe
Дубай, сеть кафе-баров	Средний чек 500 р	Санкт-Петербург, Большой проспект П.С., 77	59.9661519	30.3131246	500	cafe
Дворик, кафе	Средний чек 600 р	Санкт-Петербург, Кораблестроителей, 35 к7	59.9507337	30.2168869	600	cafe
Jefferson, гостиничный комплекс	Средний чек 800 р	Санкт-Петербург, Сердобольская, 7	59.9933677	30.3240448	800	cafe
Дубай, сеть кафе-баров	Средний чек 500 р	Санкт-Петербург, Большой проспект П.С., 77	59.9661519	30.3131246	500	cafe
Жасмин, банкет-кафе	Средний чек 500 р	Санкт-Петербург, Купчинская, 1	59.8452352	30.3778995	500	cafe
Заводные яйца, кафе	Средний чек 500 р	Санкт-Петербург, Фурштатская, 48	59.9452953	30.3635017	500	cafe
Золушка, сказочное кафе	Средний чек 600 р	Санкт-Петербург, Кораблестроителей, 32 к3	59.9530595	30.2148987	600	cafe
Изюм, кафе	Средний чек 850 р	Санкт-Петербург, Захарьевская, 14	59.947917	30.3590903	850	cafe
Ковчег, кафе-бар	Средний чек 600 р	Санкт-Петербург, Художников проспект, 24 к1	60.0451905	30.3502348	600	cafe
Купола, кафе	Средний чек 1500 р	Санкт-Петербург, Парашютная, 10 к2	60.0408394	30.2411769	1500	cafe
КайZен, кафе-студия	Средний чек 600 р	Санкт-Петербург, Блохина, 3	59.9506376	30.3038783	600	cafe
КайZен, кафе-студия	Средний чек 600 р	Санкт-Петербург, Блохина, 3	59.9506376	30.3038783	600	cafe
Камелот, кафе	Средний чек 1000 р	Санкт-Петербург, Подвойского, 16 к3	59.9134369	30.4777956	1000	cafe
Кают-Компания, кафе	Средний чек 200 р	Санкт-Петербург, Софийская, 8 к1	59.8830323	30.3911608	200	cafe
Книги и Кофе, арт-клуб	Средний чек 1500 р	Санкт-Петербург, Гагаринская, 20	60.0405624	29.9823464027258	1500	cafe
Конд, кафе-ресторан	Средний чек 500 р	Санкт-Петербург, Димитрова, 16 к1	59.8484511	30.385309	500	cafe
КАРАТ, кафе	Средний чек 450 р	Санкт-Петербург, Партизана Германа, 37	59.8285719	30.1739741	450	cafe
Waff & Love, кофейня-вафельная	Средний чек 500 р	Санкт-Петербург, Рубинштейна, 26	59.9295131	30.3444606	500	cafe
Луна, кафе-бар	Средний чек 400 р	Санкт-Петербург, Северный проспект, 16 к4	60.0315875	30.3429083	400	cafe
Лё Шантиль, кафе	Средний чек 230 р	Санкт-Петербург, Херсонская, 39	59.92707195	30.3831658922449	230	cafe
Лаванда, кафе	Средний чек 1000 р	Санкт-Петербург, Туристская, 4 к1	59.98617475	30.200690682332	1000	cafe
Любимый Хабиб, кафе-ресторан	Средний чек 800 р	Санкт-Петербург, Стачек проспект, 30	59.888968	30.2718902	800	cafe
Мята, кафе	Средний чек 250 р	Санкт-Петербург, 16-я линия В.О., 85	59.9456759	30.2602106139671	250	cafe
Моцарт, кафе	Средний чек 1300 р	Санкт-Петербург, Кронверкский проспект, 23	59.9568964	30.3182277	1300	cafe
Мираж, кафе	Средний чек 400 р	Санкт-Петербург, Орджоникидзе, 61 к1	59.8444174	30.3381081	400	cafe
Мираж, кафе	Средний чек 400 р	Санкт-Петербург, Орджоникидзе, 61 к1	59.8444174	30.3381081	400	cafe
Манго, кафе	Средний чек 300 р	Санкт-Петербург, Корабельная, 5	59.8766339	30.2551244	300	cafe
Мэри Поппинс, кафе	Средний чек 500 р	Санкт-Петербург, Некрасова, 23	59.9390205	30.3532303	500	cafe
Мангал, кафе	Средний чек 700 р	Санкт-Петербург, Захарьевская, 9	60.0275599	29.99143955	700	cafe
Морошка, кафе-бистро	Средний чек 250 р	Санкт-Петербург, Петроградская набережная, 22	59.9603644	30.3345131	250	cafe
На Рижской, кафе	Средний чек 750 р	Санкт-Петербург, Рижская, 1	59.9223317	30.4195838	750	cafe
Ника, кафе	Средний чек 500 р	Санкт-Петербург, Ланское шоссе, 59	59.994756	30.3185277	500	cafe
Nostalgi, кафе	Средний чек 350 р	Санкт-Петербург, 17-я линия В.О., 68а	59.9429007	30.2617159	350	cafe
На Греческом, кафе	Средний чек 500 р	Санкт-Петербург, Греческий проспект, 10	59.9360931	30.3672852	500	cafe
Ника, кафе	Средний чек 500 р	Санкт-Петербург, Ланское шоссе, 59	59.994756	30.3185277	500	cafe
Омар Хайям, арт-кафе	Средний чек 1000 р	Санкт-Петербург, 6-я линия В.О., 29	59.942773	30.279323	1000	cafe
Охта, кафе-бар	Средний чек 700 р	Санкт-Петербург, Конторская, 20	59.946754	30.4137341196586	700	cafe
Очаг, кафе-бар	Средний чек 500 р	Санкт-Петербург, Наставников проспект, 38	59.9447531	30.491783	500	cafe
Орленок, семейное кафе	Средний чек 1000 р	Санкт-Петербург, Ленинский проспект, 87 к1	59.855038	30.2054927	1000	cafe
Орэра, кафе-хачапурная	Средний чек 400 р	Санкт-Петербург, Рубинштейна, 29	59.9269	30.342605	400	cafe
Олива, кафе	Средний чек 400 р	Санкт-Петербург, Пулковская, 10 к2	59.8370037	30.3518028	400	cafe
Компот, кафе домашней кухни	Средний чек 300 р	Санкт-Петербург, Савушкина, 12	59.9877585	30.2071511	300	cafe
Подвалъ Бродячей Собаки, арт-кафе	Средний чек 800 р	Санкт-Петербург, Итальянская, 4	59.9370299	30.3291406	800	cafe
Пуэрто, кафе	Средний чек 700 р	Санкт-Петербург, Набережная реки Карповки, 30	59.9696665	30.3018265	700	cafe
Подвальчик, кафе	Средний чек 700 р	Санкт-Петербург, Елизарова проспект, 12	59.8964078	30.4241372	700	cafe
Привал Охотника, кафе	Средний чек 500 р	Санкт-Петербург, Комендантский проспект, 33 к1	60.0216283	30.2451159	500	cafe
Плюшкин, пекарня-кондитерская	Средний чек 150 р	Санкт-Петербург, Полковая, 1/25	59.7022568	30.3814025	150	cafe
Подкова, кафе	Средний чек 1000 р	Санкт-Петербург, Звенигородская, 22	59.9188067	30.3411148	1000	cafe
Риф, ООО, кафе-бар	Средний чек 300 р	Санкт-Петербург, Народная, 55	59.88277405	30.4766885907895	300	cafe
Рэро, кафе	Средний чек 700 р	Санкт-Петербург, Ленина, 41	59.7509473	30.576225	700	cafe
Романс, кафе-бар	Средний чек 700 р	Санкт-Петербург, Авиаконструкторов проспект, 2	60.0202624	30.23744945	700	cafe
Рандеву, кафе	Средний чек 400 р	Санкт-Петербург, Большая Зеленина, 21	59.9605114	30.2929866	400	cafe
Распутин, кафе	Средний чек 800 р	Санкт-Петербург, Набережная реки Мойки, 37	59.9405686	30.3191234	800	cafe
Georgia, кафе	Средний чек 1000 р	Санкт-Петербург, Большой проспект В.О., 52/15	59.9343835	30.2689247864069	1000	cafe
Старый город, гостиничный комплекс	Средний чек 600 р	Санкт-Петербург, Достоевского, 26	59.9243403	30.348962	600	cafe
Сундук, арт-кафе	Средний чек 1200 р	Санкт-Петербург, Фурштатская, 42	59.9453202	30.3616545	1200	cafe
SAMADEVA, вегетарианское кафе	Средний чек 400 р	Санкт-Петербург, Казанская, 10	59.9257544	30.42694765527	400	cafe
СССР, кафе-столовая	Средний чек 200 р	Санкт-Петербург, Загородный проспект, 40	59.9237207	30.3366684	200	cafe
Тройка, кафе	Средний чек 900 р	Санкт-Петербург, Светлановский проспект, 54а	60.0113448	30.3488064	900	cafe
Ором, чайхана	Средний чек 500 р	Санкт-Петербург, Бухарестская, 74	59.8498393	30.3987532	500	cafe
Старый аббат, паб	Средний чек 500 р	Санкт-Петербург, Большая Пороховская, 21	59.95322805	30.41688505	500	cafe
SkVer, кафе-бар	Средний чек 600 р	Санкт-Петербург, Школьная, 106	59.99070585	30.2190559904181	600	cafe
СССР, кафе-столовая	Средний чек 200 р	Санкт-Петербург, Загородный проспект, 40	59.9237207	30.3366684	200	cafe
Старый Дворик, арт-кафе	Средний чек 1000 р	Санкт-Петербург, Днепропетровская, 67а	59.9111588	30.3579731	1000	cafe
Стёпка, кафе-бар	Средний чек 550 р	Санкт-Петербург, Ветеранов проспект, 151 к1	59.8358176	30.1335624	550	cafe
Est! Сafe, кафе-ресторан	Средний чек 600 р	Санкт-Петербург, Набережная Крюкова канала, 11	59.9235889	30.2959758	600	cafe
Solo, лаунж-кафе	Средний чек 700 р	Санкт-Петербург, Бухарестская, 96	59.8597029	30.3928344	700	cafe
Терраса, гранд-кафе	Средний чек 1500 р	Санкт-Петербург, Искровский проспект, 22	59.9052754	30.4681235	1500	cafe
Телега, кафе-бар	Средний чек 700 р	Санкт-Петербург, Королёва проспект, 46 к1	60.0097352	30.2928551	700	cafe
Трио, кафе	Средний чек 500 р	Санкт-Петербург, Жака Дюкло, 10а	60.0132912	30.3537047	500	cafe
У перекрестка, кафе-бар	Средний чек 500 р	Санкт-Петербург, Просвещения проспект, 41	60.0434398	30.3787633	500	cafe
Укроп, вегетарианское кафе	Средний чек 350 р	Санкт-Петербург, Марата, 23	59.9313381	30.3550117	350	cafe
Чистые Пруды, кафе	Средний чек 1200 р	Санкт-Петербург, Димитрова, 32а	59.8452847	30.3745346	1200	cafe
Philibert, кафе	Средний чек 800 р	Санкт-Петербург, Коломенская, 29	59.9230182	30.35271195	800	cafe
Фортуна, кафе	Средний чек 600 р	Санкт-Петербург, Просвещения проспект, 37 к1	60.0531923	30.3324569	600	cafe
Фортуна, кафе	Средний чек 600 р	Санкт-Петербург, Просвещения проспект, 37 к1	60.0531923	30.3324569	600	cafe
Фортуна, кафе	Средний чек 600 р	Санкт-Петербург, Просвещения проспект, 37 к1	60.0531923	30.3324569	600	cafe
Фортуна, кафе	Средний чек 600 р	Санкт-Петербург, Просвещения проспект, 37 к1	60.0531923	30.3324569	600	cafe
Фортуна, кафе	Средний чек 600 р	Санкт-Петербург, Просвещения проспект, 37 к1	60.0531923	30.3324569	600	cafe
Фортуна, кафе	Средний чек 600 р	Санкт-Петербург, Просвещения проспект, 37 к1	60.0531923	30.3324569	600	cafe
ФИОРД, кафе	Средний чек 400 р	Санкт-Петербург, Яхтенная, 1 к1	59.9842256	30.2153628	400	cafe
Фортуна, кафе	Средний чек 600 р	Санкт-Петербург, Просвещения проспект, 37 к1	60.0531923	30.3324569	600	cafe
Хибины, кафе-бар	Средний чек 500 р	Санкт-Петербург, Заневский проспект, 40	59.9331807	30.4324591	500	cafe
Хванчкара, кафе	Средний чек 1000 р	Санкт-Петербург, Загородный проспект, 14	59.9266683	30.3441045	1000	cafe
Чистые Пруды, кафе	Средний чек 1200 р	Санкт-Петербург, Димитрова, 32а	59.8452847	30.3745346	1200	cafe
Чуланчик, кафе-бар	Средний чек 500 р	Санкт-Петербург, Спасский переулок, 7	59.9287255	30.3179747	500	cafe
Чуланчик, кафе-бар	Средний чек 500 р	Санкт-Петербург, Спасский переулок, 7	59.9287255	30.3179747	500	cafe
Шашлык Хауз, сеть кафе	Средний чек 800 р	Санкт-Петербург, Суворовский проспект, 1/8	59.9322465	30.368273	800	cafe
Шашлык Хауз, сеть кафе	Средний чек 800 р	Санкт-Петербург, Суворовский проспект, 1/8	59.9322465	30.368273	800	cafe
Шашлык Хауз, сеть кафе	Средний чек 800 р	Санкт-Петербург, Суворовский проспект, 1/8	59.9322465	30.368273	800	cafe
Шервуд, кафе-бар	Средний чек 700 р	Санкт-Петербург, Испытателей проспект, 31 к1	60.0077934	30.2676898	700	cafe
Шервуд, кафе-бар	Средний чек 700 р	Санкт-Петербург, Испытателей проспект, 31 к1	60.0077934	30.2676898	700	cafe
Шафран, кафе	Средний чек 450 р	Санкт-Петербург, Планерная, 49	60.0176353	30.2287049	450	cafe
Нканак, кафе-шашлычная	Средний чек 800 р	Санкт-Петербург, Набережная реки Смоленки, 29а	59.9487896	30.269024	800	cafe
Шашлычная №1, кафе	Средний чек 600 р	Санкт-Петербург, Энгельса проспект, 68	60.0181645	30.3213209	600	cafe
Шале, кафе	Средний чек 600 р	Санкт-Петербург, Лесной проспект, 9	59.96350215	30.3519736791451	600	cafe
Эля, кафе	Средний чек 450 р	Санкт-Петербург, Загребский бульвар, 33 к1	59.8456429	30.3993792	450	cafe
Душевная кухня, кафе	Средний чек 700 р	Санкт-Петербург, Шведский переулок, 2	59.9389773	30.3252902	700	cafe
BREAD & MEAT, кафе-бар	Средний чек 500 р	Санкт-Петербург, Большая Конюшенная, 1	59.9408843	30.3241915	500	cafe
Аллегро, ресторан	Средний чек 1000 р	Санкт-Петербург, Набережная канала Грибоедова, 55	59.9293844	30.3156462	1000	restaurant
Амроц, ресторан	Средний чек 1000 р	Санкт-Петербург, Невский проспект, 176	59.92595465	30.3817793026964	1000	restaurant
Амроц, ресторан	Средний чек 600 р	Санкт-Петербург, Передовиков, 27	59.9492986	30.4616058	600	restaurant
Аист, ресторан	Средний чек 450 р	Санкт-Петербург, Артиллерийская, 1	59.67782515	30.4453303593272	450	restaurant
Дом Актера, кафе-ресторан	Средний чек 500 р	Санкт-Петербург, Невский проспект, 86	59.9325657	30.3506657	500	restaurant
Астерия, ресторан	Средний чек 1200 р	Санкт-Петербург, Набережная реки Фонтанки, 71	59.9263378	30.3287919	1200	restaurant
Алые паруса, кафе-терраса	Средний чек 1500 р	Санкт-Петербург, Александровский парк, 3а	59.9544771	30.3191658	1500	restaurant
Ани, кафе-ресторан	Средний чек 600 р	Санкт-Петербург, Софийская, 39 к1	59.8730433	30.4028131	600	restaurant
Апрель Cafe, ресторан	Средний чек 1600 р	Санкт-Петербург, Савушкина, 126	59.9877585	30.2071511	1600	restaurant
Амарант, ресторан	Средний чек 1500 р	Санкт-Петербург, Набережная Обводного канала, 193	59.9130951	30.3333325	1500	restaurant
Америка, пивная	Средний чек 700 р	Санкт-Петербург, Индустриальный проспект, 9	59.9381232	30.4772108	700	restaurant
Али, ресторан	Средний чек 500 р	Санкт-Петербург, 14-я линия В.О., 75	59.94451705	30.2638224	500	restaurant
Ани, кафе-ресторан	Средний чек 600 р	Санкт-Петербург, Софийская, 39 к1	59.8730433	30.4028131	600	restaurant
Амадеус, ресторан	Средний чек 1000 р	Санкт-Петербург, Кирочная, 36	59.9439902	30.3643947	1000	restaurant
Атлантис, ресторан европейской и авторской кухни	Средний чек 1800 р	Санкт-Петербург, Петровская, 2	60.08864615	29.9667658363127	1800	restaurant
Априори, ресторан	Средний чек 1100 р	Санкт-Петербург, Обуховской Обороны проспект, 261	59.8651297	30.4701054	1100	restaurant
BullHouse, сеть ресторанов	Средний чек 1500 р	Санкт-Петербург, Кемская, 1	59.9727936	30.2592716995949	1500	restaurant
Кавказ, ресторан	Средний чек 1500 р	Санкт-Петербург, Стахановцев, 5	59.9282871	30.4064992	1500	restaurant
Балтия, гостиничный комплекс	Средний чек 700 р	Санкт-Петербург, Смолячкова, 5	59.9701794	30.3391982336348	700	restaurant
Baden Baden, ресторан европейской кухни	Средний чек 800 р	Санкт-Петербург, Просвещения проспект, 61а	60.0412391	30.3890388862885	800	restaurant
Беринг, ресторан	Средний чек 900 р	Санкт-Петербург, Пироговская набережная, 5/2	59.95694455	30.3413796342894	900	restaurant
Буль-Вар, ресторанный комплекс	Средний чек 1600 р	Санкт-Петербург, Маршала Казакова, 12 к2	59.85919865	30.2390008780414	1600	restaurant
ObedBufet, ресторан	Средний чек 400 р	Санкт-Петербург, Невский проспект, 114	59.9315884	30.3594008	400	restaurant
Бастион, ресторан	Средний чек 1000 р	Санкт-Петербург, Приморское шоссе, 494	60.114958	29.9684527	1000	restaurant
Птички и ягоды, ресторан	Средний чек 1500 р	Санкт-Петербург, Приморское шоссе, 572	60.1130214	29.9696799	1500	restaurant
Bali, ресторан	Средний чек 1200 р	Санкт-Петербург, Савушкина, 98	59.9877585	30.2071511	1200	restaurant
Браво-Лаудес, банкетный зал	Средний чек 1500 р	Санкт-Петербург, Разъезжая, 3	59.9256169	30.3432823	1500	restaurant
Buddha Bar, ресторан	Средний чек 3500 р	Санкт-Петербург, Синопская набережная, 78	59.9269678	30.3883805	3500	restaurant
Братья Карамазовы, ресторан	Средний чек 800 р	Санкт-Петербург, Социалистическая, 11а	59.9224781	30.3420643	800	restaurant
Burik-beer, пивоварня	Средний чек 1000 р	Санкт-Петербург, Загребский бульвар, 2 лит А	59.8456429	30.3993792	1000	restaurant
Таверна на Карпинского, пивоварня	Средний чек 800 р	Санкт-Петербург, Карпинского, 16а	60.0048294	30.4199184	800	restaurant
Багратион Холл, ресторан	Средний чек 1300 р	Санкт-Петербург, Ленинский проспект, 148	59.8523795	30.293774	1300	restaurant
Скоро Весна, ресторан	Средний чек 1500 р	Санкт-Петербург, Белинского, 5	59.938133	30.3456991	1500	restaurant
Восточный, ресторан	Средний чек 600 р	Санкт-Петербург, Марата, 60	59.9313381	30.3550117	600	restaurant
Vox, ресторан	Средний чек 2250 р	Санкт-Петербург, Соляной переулок, 16	59.94283235	30.3418895909278	2250	restaurant
Васаби-Розарио, сеть ресторанов	Средний чек 850 р	Санкт-Петербург, Энгельса проспект, 139	60.0499877	30.3315161	850	restaurant
Вкусная Империя, ресторан-кафе	Средний чек 700 р	Санкт-Петербург, Тореза проспект, 36	60.0002567	30.363795	700	restaurant
Водопад, ресторан-кафе	Средний чек 700 р	Санкт-Петербург, Тихорецкий проспект, 2 к2	60.0184649	30.3672967	700	restaurant
Volga-Volga, ресторан	Средний чек 3500 р	Санкт-Петербург, Петровская набережная, 8в	60.0891547	29.966666	3500	restaurant
Вилка, ресторан	Средний чек 1000 р	Санкт-Петербург, Комендантский проспект, 44а	60.0626577	30.1950729	1000	restaurant
Гимназия, ресторан	Средний чек 2000 р	Санкт-Петербург, Конногвардейский бульвар, 21	59.9327845	30.2953502	2000	restaurant
Graf-in, бар-ресторан	Средний чек 1700 р	Санкт-Петербург, Конногвардейский бульвар, 4	59.9325918	30.2975824	1700	restaurant
Golden Mask, арт-кафе	Средний чек 700 р	Санкт-Петербург, Малый проспект В.О., 23	59.9432353	30.2611092	700	restaurant
Государь, ресторан	Средний чек 1000 р	Санкт-Петербург, Большой Сампсониевский проспект, 32	59.966885	30.3422294	1000	restaurant
Гастроном, ресторан	Средний чек 1200 р	Санкт-Петербург, Набережная реки Мойки, 1	59.9276918	30.2944376	1200	restaurant
Гольфстрим, ресторан	Средний чек 1500 р	Санкт-Петербург, Приморское шоссе, 484а	60.1130214	29.9696799	1500	restaurant
Du Nord 1834, ресторан-кондитерская	Средний чек 800 р	Санкт-Петербург, Лиговский проспект, 41/83	59.930516	30.3599481	800	restaurant
Диана, ресторан	Средний чек 1000 р	Санкт-Петербург, Садовая, 56	59.92614	30.3159073	1000	restaurant
Daniel, ресторан	Средний чек 3000 р	Санкт-Петербург, Средняя, 2	59.6935064	30.3867249	3000	restaurant
Дивный сад, китайский ресторан	Средний чек 500 р	Санкт-Петербург, Гатчинская, 16	59.9617259	30.2998589	500	restaurant
Дружба, бар-ресторан	Средний чек 800 р	Санкт-Петербург, Звёздная, 2	59.8332373	30.3490644	800	restaurant
Драго, ресторан	Средний чек 1500 р	Санкт-Петербург, Приморский проспект, 15	59.9844521	30.2935508	1500	restaurant
Dolce Vita, итальянский ресторан	Средний чек 700 р	Санкт-Петербург, Тазаева, 9	59.74199775	30.6157721471031	700	restaurant
Долина Счастья, кафе-ресторан	Средний чек 800 р	Санкт-Петербург, Коммуны, 64	59.9631816	30.4870008	800	restaurant
Драмы и Комедии, ресторан	Средний чек 750 р	Санкт-Петербург, Новолитовская, 15а	59.9809071	30.3557920930189	750	restaurant
Дитай, семейный китайский ресторан	Средний чек 1000 р	Санкт-Петербург, Лесной проспект, 4	59.9618364	30.3521501	1000	restaurant
ДАЧА, банкетный ресторан	Средний чек 1000 р	Санкт-Петербург, Торжковская, 3	59.98682105	30.3077670220588	1000	restaurant
DoZari, караоке-ресторан	Средний чек 1500 р	Санкт-Петербург, Добролюбова проспект, 14а	59.947305	30.3019078	1500	restaurant
Дом Актера, кафе-ресторан	Средний чек 500 р	Санкт-Петербург, Невский проспект, 86	59.9325657	30.3506657	500	restaurant
Европа, ресторан	Средний чек 4500 р	Санкт-Петербург, Михайловская, 1	59.91394555	29.7662867745323	4500	restaurant
Емеля, сеть ресторанов	Средний чек 800 р	Санкт-Петербург, Марата, 86	59.9313381	30.3550117	800	restaurant
Емельян, ресторан	Средний чек 900 р	Санкт-Петербург, Чайковского, 83	59.946208	30.3670106	900	restaurant
Европа, ресторан	Средний чек 4500 р	Санкт-Петербург, Михайловская, 1	59.91394555	29.7662867745323	4500	restaurant
White Night Music Joint, ресторан	Средний чек 900 р	Санкт-Петербург, Набережная реки Фонтанки, 59	59.9276346	30.33213	900	restaurant
Залив, бар-ресторан	Средний чек 1500 р	Санкт-Петербург, Приморское шоссе, 422Б	60.1634867	29.8607276	1500	restaurant
Idiot, ресторан	Средний чек 1500 р	Санкт-Петербург, Набережная реки Мойки, 82	59.9292436	30.3037329	1500	restaurant
Маки, рестобар	Средний чек 900 р	Санкт-Петербург, Серпуховская, 7	59.9164493	30.321831	900	restaurant
Империя, ресторан	Средний чек 1200 р	Санкт-Петербург, Арсенальная набережная, 13 к1	59.9528498	30.3630475	1200	restaurant
Истерия, клуб-ресторан	Средний чек 1250 р	Санкт-Петербург, Сикейроса, 10 к4	60.0351524	30.3294657	1250	restaurant
Istanbul, ресторан	Средний чек 1000 р	Санкт-Петербург, Пискарёвский проспект, 25 к2	59.963121	30.4086076	1000	restaurant
Индокитай, ресторан вьетнамской кухни	Средний чек 500 р	Санкт-Петербург, Энгельса проспект, 28	60.0499877	30.3315161	500	restaurant
Империя, ресторан	Средний чек 1200 р	Санкт-Петербург, Арсенальная набережная, 13 к1	59.9528498	30.3630475	1200	restaurant
Караван-Сарай, ресторан	Средний чек 1000 р	Санкт-Петербург, Некрасова, 1/38	59.9384586	30.3507857	1000	restaurant
Караван, ресторан	Средний чек 1450 р	Санкт-Петербург, Набережная реки Фонтанки, 123	59.9208251	30.3099576437996	1450	restaurant
Корчма Сало, ресторан	Средний чек 1300 р	Санкт-Петербург, Литейный проспект, 36	59.939503	30.34868	1300	restaurant
Кавказ-Бар, ресторан	Средний чек 1500 р	Санкт-Петербург, Караванная, 18	59.937764	30.3416544	1500	restaurant
Claret, винный ресторан	Средний чек 1200 р	Санкт-Петербург, Марата, 11	59.9313381	30.3550117	1200	restaurant
КЭТ, ресторан	Средний чек 1000 р	Санкт-Петербург, Караванная, 24	59.9342952	30.3413554	1000	restaurant
Корчма, ресторан	Средний чек 1000 р	Санкт-Петербург, Энгельса проспект, 83	60.0499877	30.3315161	1000	restaurant
Квартира, ресторан	Средний чек 800 р	Санкт-Петербург, Лиговский проспект, 123а	59.9224571	30.3554782	800	restaurant
Карл и Фридрих, пивной ресторан	Средний чек 1500 р	Санкт-Петербург, Южная дорога, 15	59.9699562	30.2325688974515	1500	restaurant
Два Му, ресторан	Средний чек 1000 р	Санкт-Петербург, Садовая, 94	59.9179532	30.2911804242859	1000	restaurant
Kriek, пивной ресторан	Средний чек 1000 р	Санкт-Петербург, Невский проспект, 22	59.9361227	30.3226518	1000	restaurant
Casa del Мясо, ресторан	Средний чек 1000 р	Санкт-Петербург, Биржевой проезд, 6	59.9437969	30.3030583	1000	restaurant
Capuletti, итальянский ресторан	Средний чек 1500 р	Санкт-Петербург, Большой проспект П.С., 74	59.9634445	30.3067681201023	1500	restaurant
Кон-Коронель, кафе-ресторан	Средний чек 600 р	Санкт-Петербург, Шкапина, 10	59.9074347	30.2956417	600	restaurant
Кавказ, ресторан	Средний чек 1500 р	Санкт-Петербург, Стахановцев, 5	59.9282871	30.4064992	1500	restaurant
Карелия, ресторан	Средний чек 1000 р	Санкт-Петербург, Маршала Тухачевского, 27/2	59.9726457	30.4172117	1000	restaurant
Корчма, ресторан	Средний чек 1000 р	Санкт-Петербург, Энгельса проспект, 83	60.0499877	30.3315161	1000	restaurant
Колесо, ресторан	Средний чек 1200 р	Санкт-Петербург, Вознесенский проспект, 2	59.9290872	30.3080573	1200	restaurant
Кувшин, ресторан	Средний чек 1000 р	Санкт-Петербург, Средний проспект В.О., 56	59.9401146	30.2689194972281	1000	restaurant
Casablanca, загородный комплекс	Средний чек 2000 р	Санкт-Петербург, Приморское шоссе, 471	60.114958	29.9684527	2000	restaurant
Кабачок, ресторан-бар	Средний чек 900 р	Санкт-Петербург, Просвещения проспект, 99 к1	60.0531923	30.3324569	900	restaurant
Литературное кафе, ресторан	Средний чек 2000 р	Санкт-Петербург, Невский проспект, 18	59.9364107	30.3190621	2000	restaurant
La Maree, ресторан	Средний чек 7000 р	Санкт-Петербург, Суворовский проспект, 34	59.9404041	30.3780812	7000	restaurant
La Presse, ресторан	Средний чек 1000 р	Санкт-Петербург, Невский проспект, 69	59.931648	30.3545043	1000	restaurant
Лехаим, ресторан	Средний чек 500 р	Санкт-Петербург, Лермонтовский проспект, 2	59.9137953	30.297322	500	restaurant
Восточный, ресторан	Средний чек 600 р	Санкт-Петербург, Марата, 60	59.9313381	30.3550117	600	restaurant
Лео, бар-ресторан	Средний чек 700 р	Санкт-Петербург, Байконурская, 13 к2	60.0024554	30.2758054	700	restaurant
Летучий Голландец, ресторан	Средний чек 3000 р	Санкт-Петербург, Мытнинская набережная, 6	59.94779775	30.3057281653173	3000	restaurant
Ля Мур, ресторанный комплекс	Средний чек 1000 р	Санкт-Петербург, Испытателей проспект, 4 к1	60.00202895	30.30196028127	1000	restaurant
Лесной, ресторан	Средний чек 1000 р	Санкт-Петербург, Лесной проспект, 48	59.9816909	30.342042424805	1000	restaurant
Ланкастер Корт, отель	Средний чек 1000 р	Санкт-Петербург, Фокина, 3	59.9664622	30.3389198767468	1000	restaurant
Лира-Престо, ресторан	Средний чек 1000 р	Санкт-Петербург, Днепропетровская, 57	59.9120605	30.3582568	1000	restaurant
Любимый, семейный ресторан	Средний чек 1500 р	Санкт-Петербург, Индустриальный проспект, 40/1	59.9478204	30.4750438	1500	restaurant
Метрополь, ресторанный комплекс	Средний чек 2000 р	Санкт-Петербург, Садовая, 22/2	59.9328606	30.3343413	2000	restaurant
La Mia Firenze, ресторан	Средний чек 1200 р	Санкт-Петербург, Чернышевского проспект, 9	59.9444965	30.3595573	1200	restaurant
Мечта Молоховецъ, ресторан	Средний чек 3000 р	Санкт-Петербург, Радищева, 10	59.7096388	30.4087130334128	3000	restaurant
Маша и Медведь, трактир	Средний чек 800 р	Санкт-Петербург, Малая Садовая, 1	59.9356239	30.3378648	800	restaurant
Монтана, ресторан	Средний чек 1500 р	Санкт-Петербург, Кирочная, 20	59.9032512	29.8117442681885	1500	restaurant
Монтенегро, ресторан	Средний чек 2000 р	Санкт-Петербург, Кораблестроителей, 30/4	59.9507337	30.2168869	2000	restaurant
Марсельеза, ресторан	Средний чек 1500 р	Санкт-Петербург, Набережная Мартынова, 16	59.9743605	30.260901983654	1500	restaurant
Munhell, сеть пивных ресторанов	Средний чек 1500 р	Санкт-Петербург, Бухарестская, 47	59.8498393	30.3987532	1500	restaurant
МАМАLЫGA, ресторан	Средний чек 1500 р	Санкт-Петербург, Казанская, 2	59.9288706	30.3124541	1500	restaurant
Два Му, ресторан	Средний чек 1000 р	Санкт-Петербург, Садовая, 94	59.9179532	30.2911804242859	1000	restaurant
Mr-997, гостинично-ресторанный комплекс	Средний чек 800 р	Санкт-Петербург, Белградская, 30	59.857237	30.3655443	800	restaurant
MACARENA, ресторан	Средний чек 1500 р	Санкт-Петербург, Московский проспект, 206	59.8566211	30.321765	1500	restaurant
Москва, ресторан	Средний чек 1500 р	Санкт-Петербург, Невский проспект, 114	59.9315884	30.3594008	1500	restaurant
Макрель, отель	Средний чек 1500 р	Санкт-Петербург, Приморское шоссе, 496	60.114958	29.9684527	1500	restaurant
Москва, ресторан	Средний чек 1500 р	Санкт-Петербург, Невский проспект, 114	59.9315884	30.3594008	1500	restaurant
Миндаль cafe, ресторан	Средний чек 1500 р	Санкт-Петербург, Чернышевского проспект, 5	59.9444965	30.3595573	1500	restaurant
Миндаль cafe, ресторан	Средний чек 1200 р	Санкт-Петербург, Английская набережная, 26	59.9342058	30.2944015	1200	restaurant
Mangal House, ресторан	Средний чек 800 р	Санкт-Петербург, Набережная канала Грибоедова, 26а	59.9232579	30.3039422	800	restaurant
Баку, ресторан	Средний чек 1500 р	Санкт-Петербург, Садовая, 12	59.6885522	30.4182177941529	1500	restaurant
Изюм, кафе	Средний чек 850 р	Санкт-Петербург, Захарьевская, 14	59.947917	30.3590903	850	restaurant
Нож справа, вилка слева, ресторан	Средний чек 1500 р	Санкт-Петербург, Восстания, 44	59.9317256	30.3603232	1500	restaurant
Nebar, бар-клуб	Средний чек 500 р	Санкт-Петербург, Литейный проспект, 57	59.9343765	30.3476836	500	restaurant
Небеса, ресторан	Средний чек 1000 р	Санкт-Петербург, Кораблестроителей, 30/1	59.9507337	30.2168869	1000	restaurant
НАША Dacha, ресторан	Средний чек 2500 р	Санкт-Петербург, Приморское шоссе, 448а	60.1130214	29.9696799	2500	restaurant
Наbeerежная, ресторан-пивоварня	Средний чек 1000 р	Санкт-Петербург, Аптекарская набережная, 20	59.9782888	30.3146973	1000	restaurant
Невский причал, кафе-ресторан	Средний чек 500 р	Санкт-Петербург, Обуховской Обороны проспект, 108 к4	59.8473936	30.4830012	500	restaurant
Невская Жемчужина, ресторан	Средний чек 2000 р	Санкт-Петербург, Обуховской Обороны проспект, 26	59.8651297	30.4701054	2000	restaurant
Наутилус, ресторан	Средний чек 200 р	Санкт-Петербург, Рижская, 3	59.9223317	30.4195838	200	restaurant
Навруз, сеть ресторанов	Средний чек 1500 р	Санкт-Петербург, Ленинский проспект, 125	59.8515131	30.2630897	1500	restaurant
Изюм, кафе	Средний чек 850 р	Санкт-Петербург, Захарьевская, 14	59.947917	30.3590903	850	restaurant
Cuba Bar	Средний чек 700 р	Санкт-Петербург, Гороховая, 28	59.9298678	30.320279	700	restaurant
Охотничий клуб, ресторан	Средний чек 1200 р	Санкт-Петербург, Новгородская, 27	59.9423504	30.3922628	1200	restaurant
Буль-Вар, ресторанный комплекс	Средний чек 1600 р	Санкт-Петербург, Маршала Казакова, 12 к2	59.85919865	30.2390008780414	1600	restaurant
Olius, ресторан	Средний чек 1000 р	Санкт-Петербург, Лермонтовский проспект, 26	59.9184226	30.2964896	1000	restaurant
Острова, ресторан	Средний чек 750 р	Санкт-Петербург, Большой проспект П.С., 1	59.95242945	30.2908487800615	750	restaurant
ПАЛКИНЪ, ресторан	Средний чек 3500 р	Санкт-Петербург, Невский проспект, 47	59.9325995	30.3470924	3500	restaurant
Palermo, ресторан	Средний чек 1200 р	Санкт-Петербург, Набережная реки Фонтанки, 50	59.9258459	30.3267482	1200	restaurant
Паратовъ, ресторан	Средний чек 900 р	Санкт-Петербург, Пушкинская, 9	59.72241365	30.4024472144609	900	restaurant
Пиросмани, ресторан-кафе	Средний чек 1200 р	Санкт-Петербург, Большой проспект П.С., 14	59.9544521	30.2933022	1200	restaurant
Паруса, ресторан	Средний чек 1500 р	Санкт-Петербург, Петровская коса, 9а	59.9629098	30.2476347	1500	restaurant
Lounge-Cafe PAR, ресторан	Средний чек 1500 р	Санкт-Петербург, Восстания, 40	59.9317256	30.3603232	1500	restaurant
Papa Pizziano, ресторан итальянской кухни	Средний чек 800 р	Санкт-Петербург, Новочеркасский проспект, 41	59.9296323	30.410942	800	restaurant
Puberty, ресторан-пивоварня	Средний чек 1500 р	Санкт-Петербург, Выборгская набережная, 47	59.9734616	30.3339331	1500	restaurant
Версаль, ресторан	Средний чек 800 р	Санкт-Петербург, Труда, 3	59.89993215	29.80481365	800	restaurant
Портъ Артуръ, бар-ресторан	Средний чек 1100 р	Санкт-Петербург, Звенигородская, 12	59.9212527	30.338092	1100	restaurant
Рибай, ресторан	Средний чек 2500 р	Санкт-Петербург, Казанская, 3а	59.694539	30.3890858	2500	restaurant
Рибай, ресторан	Средний чек 2500 р	Санкт-Петербург, Казанская, 3а	59.694539	30.3890858	2500	restaurant
И Рис, ресторан	Средний чек 1000 р	Санкт-Петербург, Ропшинская, 30	59.9573862	30.2980507	1000	restaurant
РесторанЪ, ресторан русской кухни	Средний чек 1700 р	Санкт-Петербург, Таможенный переулок, 2	59.9412454	30.3033562	1700	restaurant
Русская Рюмочная №1, ресторан	Средний чек 1500 р	Санкт-Петербург, Конногвардейский бульвар, 4	59.9325918	30.2975824	1500	restaurant
Родня, кафе-ресторан	Средний чек 1200 р	Санкт-Петербург, Крупской, 17	59.8904393	30.4326081	1200	restaurant
Ретро-Блюз, ресторан	Средний чек 1000 р	Санкт-Петербург, Есенина, 36 к5	60.0553525	30.3445798	1000	restaurant
Васаби-Розарио, сеть ресторанов	Средний чек 850 р	Санкт-Петербург, Энгельса проспект, 139	60.0499877	30.3315161	850	restaurant
Royal Beach, ресторан	Средний чек 2000 р	Санкт-Петербург, Южная дорога, 14	59.9688281	30.2314588	2000	restaurant
Runo.ru, ресторан	Средний чек 2000 р	Санкт-Петербург, Приморское шоссе, 422а	60.1640692	29.860796520134	2000	restaurant
Рулька, ресторан-пивоварня	Средний чек 1700 р	Санкт-Петербург, Оптиков, 46 к1	59.9986009	30.230649	1700	restaurant
Рулька, ресторан-пивоварня	Средний чек 1700 р	Санкт-Петербург, Оптиков, 46 к1	59.9986009	30.230649	1700	restaurant
MZE СОЛНЦЕ, ресторан	Средний чек 2000 р	Санкт-Петербург, Октябрьский бульвар, 7/11	59.7204311	30.4205839	2000	restaurant
Салхино, чебуречная	Средний чек 1200 р	Санкт-Петербург, Вознесенский проспект, 55	59.9203853	30.3076905	1200	restaurant
СЫТИНЪ, ресторан	Средний чек 1000 р	Санкт-Петербург, Измайловский проспект, 2	59.9185038	30.3080393	1000	restaurant
Старая Таможня, ресторан высокой кухни	Средний чек 3500 р	Санкт-Петербург, Таможенный переулок, 1	59.9417958	30.3031148	3500	restaurant
Сказки Шахерезады, кафе	Средний чек 700 р	Санкт-Петербург, Ленинский проспект, 161	59.8518261	30.3179163	700	restaurant
СольФаСоль, ресторан	Средний чек 1000 р	Санкт-Петербург, Большевиков проспект, 9 к1	59.9141366	30.4746854	1000	restaurant
Santorini, ресторан	Средний чек 900 р	Санкт-Петербург, Приморский проспект, 137 к1	59.9831616	30.2158156	900	restaurant
SunDay Ginza, ресторан	Средний чек 2000 р	Санкт-Петербург, Южная дорога, 4 к2	59.9671827	30.2446797282817	2000	restaurant
САХАРА, сеть ресторанов	Средний чек 540 р	Санкт-Петербург, Прилукская, 15	59.90976	30.3458568	540	restaurant
Старый Пловдив, ресторан	Средний чек 1000 р	Санкт-Петербург, Ветеранов проспект, 140	59.83251705	30.1694588374365	1000	restaurant
Талион, ресторан	Средний чек 3500 р	Санкт-Петербург, Набережная реки Мойки, 59	59.935812	30.3188635	3500	restaurant
Тройка, ресторан	Средний чек 2000 р	Санкт-Петербург, Загородный проспект, 27	59.9240608	30.3367778	2000	restaurant
Terrassa, ресторан	Средний чек 2500 р	Санкт-Петербург, Казанская, 3а	59.694539	30.3890858	2500	restaurant
Тбилисо, ресторан	Средний чек 1500 р	Санкт-Петербург, Сытнинская, 10	59.9577014	30.308235	1500	restaurant
Труффальдино, ресторан	Средний чек 1000 р	Санкт-Петербург, Большой проспект В.О., 68	59.9321155	30.2605041	1000	restaurant
TerritoriЯ, ресторан	Средний чек 350 р	Санкт-Петербург, Рентгена, 5а	59.9637176	30.3203169	350	restaurant
Travels, ресторан	Средний чек 1500 р	Санкт-Петербург, Бутлерова, 40	60.0106448	30.4047357	1500	restaurant
The Maze, ресторан	Средний чек 800 р	Санкт-Петербург, Парадная, 3 к2	59.9411856	30.3658891	800	restaurant
Толстый Фраер, сеть пивных ресторанов	Средний чек 600 р	Санкт-Петербург, Думская, 1-3	59.9335634	30.3283674	600	restaurant
Trattoria, ресторан	Средний чек 1000 р	Санкт-Петербург, Приморское шоссе, 551/2	59.9913914	30.1659265	1000	restaurant
Три Башни, паб	Средний чек 1000 р	Санкт-Петербург, Мебельная, 35Б к2	59.8936384	30.2679602422284	1000	restaurant
Tandoor, ресторан индийской кухни	Средний чек 1000 р	Санкт-Петербург, Адмиралтейский проспект, 10	59.9370731	30.3117071	1000	restaurant
Удачный выстрел, ресторан	Средний чек 2000 р	Санкт-Петербург, Гороховая, 3	59.9357887	30.3107214	2000	restaurant
У Горчакова, ресторан	Средний чек 2000 р	Санкт-Петербург, Большая Монетная, 17-19Б	59.96183	30.3199351	2000	restaurant
У Нарвских ворот, кафе-ресторан	Средний чек 800 р	Санкт-Петербург, Стачек проспект, 1	59.8661117	30.260318	800	restaurant
Фаворит, ресторан	Средний чек 1300 р	Санкт-Петербург, Стремянная, 18	59.9308629	30.353087	1300	restaurant
Фрегат Благодать, ресторан	Средний чек 2500 р	Санкт-Петербург, Петровская набережная, 2а	60.0891547	29.966666	2500	restaurant
Франсманни, ресторан	Средний чек 1500 р	Санкт-Петербург, Батайский переулок, 3а	59.9143349	30.3208972	1500	restaurant
Фаn Fлаn, ресторан	Средний чек 700 р	Санкт-Петербург, Коломяжский проспект, 27	60.0135784	30.2953914301824	700	restaurant
Чаплин-Клуб, ресторан-кабаре	Средний чек 1000 р	Санкт-Петербург, Чайковского, 59	59.9462789	30.360322	1000	restaurant
Честер, клубный ресторан	Средний чек 500 р	Санкт-Петербург, Кондратьевский проспект, 62 к1	59.97934725	30.3936149709488	500	restaurant
Царь, ресторан	Средний чек 2800 р	Санкт-Петербург, Садовая, 12	59.6885522	30.4182177941529	2800	restaurant
Цзао Ван, сеть ресторанов	Средний чек 550 р	Санкт-Петербург, Перекопская, 5	59.9022387	30.2707897	550	restaurant
Шинок, ресторан	Средний чек 1800 р	Санкт-Петербург, Загородный проспект, 13	59.9260934	30.3418451	1800	restaurant
Швабский Домик, ресторан	Средний чек 2000 р	Санкт-Петербург, Новочеркасский проспект, 28	59.9286991	30.4133791	2000	restaurant
Ширван, ресторан	Средний чек 850 р	Санкт-Петербург, Бухарестская, 142 к1	59.8347284	30.4183779	850	restaurant
Шаляпин, ресторан	Средний чек 2500 р	Санкт-Петербург, Нагорная (Репино), 1	60.1713328	29.871038	2500	restaurant
Эривань, ресторан	Средний чек 2000 р	Санкт-Петербург, Набережная реки Фонтанки, 51-53	59.9295115	30.3370719	2000	restaurant
Якитория, сеть суши-ресторанов	Средний чек 1100 р	Санкт-Петербург, Петровская набережная, 4	59.95379045	30.3304196755062	1100	restaurant
1913 год, ресторан	Средний чек 1700 р	Санкт-Петербург, Вознесенский проспект, 13	59.9291594	30.308093	1700	restaurant
Тысяча одна ночь, ресторан	Средний чек 1000 р	Санкт-Петербург, Миллионная, 21	59.94333395	30.3221986797683	1000	restaurant
Almond, ресторан	Средний чек 1000 р	Санкт-Петербург, Металлистов проспект, 115	59.9746948	30.3871008	1000	restaurant
La Cucaracha, ресторан мексиканской кухни	Средний чек 700 р	Санкт-Петербург, Оптиков, 34 к1	59.9997888	30.2165683	700	restaurant
LA RUSS, ресторан	Средний чек 1500 р	Санкт-Петербург, Набережная реки Мойки, 37	59.9405686	30.3191234	1500	restaurant
The Repa, ресторан	Средний чек 2000 р	Санкт-Петербург, Театральная площадь, 18	59.9246485	30.2966295	2000	restaurant
Un Bon, ресторан	Средний чек 1100 р	Санкт-Петербург, Некрасова, 37	59.9390205	30.3532303	1100	restaurant
Атлантис, ресторан европейской и авторской кухни	Средний чек 1800 р	Санкт-Петербург, Петровская, 2	60.08864615	29.9667658363127	1800	outcity
Бастион, ресторан	Средний чек 1000 р	Санкт-Петербург, Приморское шоссе, 494	60.114958	29.9684527	1000	outcity
Большой Колонный Зал, ресторан	Средний чек 1000 р	Санкт-Петербург, Садовая, 20	59.9234675	30.3095907	1000	outcity
Гольфстрим, ресторан	Средний чек 1500 р	Санкт-Петербург, Приморское шоссе, 484а	60.1130214	29.9696799	1500	outcity
ДАЧА, банкетный ресторан	Средний чек 1000 р	Санкт-Петербург, Торжковская, 3	59.98682105	30.3077670220588	1000	outcity
Daniel, ресторан	Средний чек 3000 р	Санкт-Петербург, Средняя, 2	59.6935064	30.3867249	3000	outcity
Залив, бар-ресторан	Средний чек 1500 р	Санкт-Петербург, Приморское шоссе, 422Б	60.1634867	29.8607276	1500	outcity
Корчма, ресторан	Средний чек 1000 р	Санкт-Петербург, Энгельса проспект, 83	60.0499877	30.3315161	1000	outcity
Красный кабачок, ресторан	Средний чек 1000 р	Санкт-Петербург, Санкт-Петербургское шоссе, 134а	59.87383165	29.9492998082205	1000	outcity
Коркули, бар-ресторан	Средний чек 1500 р	Санкт-Петербург, Гофмейстерская, 2	59.86018175	29.9924566721497	1500	outcity
Кают-Компания, кафе	Средний чек 200 р	Санкт-Петербург, Софийская, 8 к1	59.8830323	30.3911608	200	outcity
Карелия, ресторан	Средний чек 1000 р	Санкт-Петербург, Маршала Тухачевского, 27/2	59.9726457	30.4172117	1000	outcity
Подворье, ресторан	Средний чек 2000 р	Санкт-Петербург, Фильтровское шоссе, 16	59.69627295	30.4382961153816	2000	outcity
Casablanca, загородный комплекс	Средний чек 2000 р	Санкт-Петербург, Приморское шоссе, 471	60.114958	29.9684527	2000	outcity
Камелот, кафе	Средний чек 1000 р	Санкт-Петербург, Подвойского, 16 к3	59.9134369	30.4777956	1000	outcity
Лесной, ресторан	Средний чек 1000 р	Санкт-Петербург, Лесной проспект, 48	59.9816909	30.342042424805	1000	outcity
Макрель, отель	Средний чек 1500 р	Санкт-Петербург, Приморское шоссе, 496	60.114958	29.9684527	1500	outcity
Мимино, кафе	Средний чек 800 р	Санкт-Петербург, Чайковского, 36	59.9466405	30.3573239	800	outcity
Парк, ресторан	Средний чек 1000 р	Санкт-Петербург, Жукова, 1 к2	59.9616763	30.4070121	1000	outcity
Подворье, ресторан	Средний чек 2000 р	Санкт-Петербург, Фильтровское шоссе, 16	59.69627295	30.4382961153816	2000	outcity
Версаль, ресторан	Средний чек 800 р	Санкт-Петербург, Труда, 3	59.89993215	29.80481365	800	outcity
Русская рыбалка, ресторан	Средний чек 1500 р	Санкт-Петербург, Южная дорога, 11	59.9693246	30.2332697	1500	outcity
Романс-Кафе, ресторан	Средний чек 1200 р	Санкт-Петербург, Санкт-Петербургский проспект, 27	59.8789472	29.9182712	1200	outcity
Runo.ru, ресторан	Средний чек 2000 р	Санкт-Петербург, Приморское шоссе, 422а	60.1640692	29.860796520134	2000	outcity
Русский Ампиръ, ресторан	Средний чек 4000 р	Санкт-Петербург, Невский проспект, 17	59.93562295	30.3200365768724	4000	outcity
РесторанЧИК, ресторан	Средний чек 1500 р	Санкт-Петербург, Генерала Хазова, 25а	59.7379244	30.4057842	1500	outcity
Самсон, отель	Средний чек 500 р	Санкт-Петербург, Санкт-Петербургский проспект, 44а	59.87986735	29.9080026283129	500	outcity
Стрельна, ресторан	Средний чек 1500 р	Санкт-Петербург, Санкт-Петербургское шоссе, 58а	59.8510463	30.0608664125761	1500	outcity
Самсон, отель	Средний чек 500 р	Санкт-Петербург, Санкт-Петербургский проспект, 44а	59.87986735	29.9080026283129	500	outcity
ForRestMix Club, гостиничный комплекс	Средний чек 1750 р	Санкт-Петербург, Луговая (Репино), 10а	60.1686205	29.87362	1750	outcity
Шаляпин, ресторан	Средний чек 2500 р	Санкт-Петербург, Тверская, 12	59.7463929	30.6122969735615	2500	outcity
Я и Ты, панорамный ресторан	Средний чек 1500 р	Санкт-Петербург, Приморское шоссе, 593	60.1950616	29.6636703058364	1500	outcity
Newman Coffee, сеть кофеен	Средний чек 500 р	Санкт-Петербург, Невский проспект, 94	59.9324363	30.353692	500	cafe
Хочу Харчо, ресторан	Средний чек 1700 р	None	None	None	1700	cafe
СЧАСТЬЕ, бар-ресторан	Средний чек 1500 р	Санкт-Петербург, Малая Морская, 24	None	None	1500	cafe
Марчелли`s, сеть ресторанов	Средний чек 750 р	Санкт-Петербург, Невский проспект, 43	59.9327958	30.3455345	750	cafe
Шоколадница, сеть кофеен	Средний чек 540 р	Санкт-Петербург, Набережная канала Грибоедова, 18-20	59.93477265	30.32729146514	540	cafe